,index,name,hash,added_lines,deleted_lines,modifications,old_path,new_path,change_type,nloc,complexity
0,0,StorageService.java,6bad57fc3cf967838a220d8402db37ed9a5b3b4e,31,34,65,src/java/org/apache/cassandra/service/StorageService.java,src/java/org/apache/cassandra/service/StorageService.java,MODIFY,3306,717
1,1,StorageService.java,6bb6bb005197c33fa94026d472ff78d4f36613cc,31,34,65,src/java/org/apache/cassandra/service/StorageService.java,src/java/org/apache/cassandra/service/StorageService.java,MODIFY,3302,703
2,2,StorageService.java,9a90e9894e9e079058876cf2b16a47d29ba0a32a,30,31,61,src/java/org/apache/cassandra/service/StorageService.java,src/java/org/apache/cassandra/service/StorageService.java,MODIFY,3344,718
3,3,StorageService.java,ecd66de2bdf2ecb88c4276a4616a76f5ec2921bb,6,0,6,src/java/org/apache/cassandra/service/StorageService.java,src/java/org/apache/cassandra/service/StorageService.java,MODIFY,3311,718
4,4,StorageService.java,a8e8a67306c0b26b8fe9c74a1fb00bacfa224cf7,3,0,3,src/java/org/apache/cassandra/service/StorageService.java,src/java/org/apache/cassandra/service/StorageService.java,MODIFY,3314,719
5,5,StorageService.java,99b82dbb43277035562e7b82bb9bdebd84510e96,5,4,9,src/java/org/apache/cassandra/service/StorageService.java,src/java/org/apache/cassandra/service/StorageService.java,MODIFY,3311,705
6,6,StorageService.java,ae315b5ec944571342146867c51b2ceb50f3845e,4,5,9,src/java/org/apache/cassandra/service/StorageService.java,src/java/org/apache/cassandra/service/StorageService.java,MODIFY,3351,720
7,7,StorageService.java,7650fc196341bd673626054593f2ce6e895d7783,27,5,32,src/java/org/apache/cassandra/service/StorageService.java,src/java/org/apache/cassandra/service/StorageService.java,MODIFY,3333,726
8,8,StorageService.java,51753263a4c4d50c5bbe7bb80636cca5b6458ecf,7,7,14,src/java/org/apache/cassandra/service/StorageService.java,src/java/org/apache/cassandra/service/StorageService.java,MODIFY,3333,726
9,9,StorageService.java,15f03ab446854cf4d2999c3785d145c89bc3a3e4,5,14,19,src/java/org/apache/cassandra/service/StorageService.java,src/java/org/apache/cassandra/service/StorageService.java,MODIFY,3319,710
10,10,ColumnFamilyStore.java,d867ac1f41c59b31f8fb4f54a06c0118018cfc81,3,12,15,src/java/org/apache/cassandra/db/ColumnFamilyStore.java,src/java/org/apache/cassandra/db/ColumnFamilyStore.java,MODIFY,2191,428
11,11,ColumnFamilyStore.java,48b685e8521ea54d93c0d8d9e4ea80ecb1400dce,12,3,15,src/java/org/apache/cassandra/db/ColumnFamilyStore.java,src/java/org/apache/cassandra/db/ColumnFamilyStore.java,MODIFY,2198,430
12,12,ColumnFamilyStore.java,1c3ff9242a0bfc5c544c69f68ee7b17a464a5ab3,31,0,31,src/java/org/apache/cassandra/db/ColumnFamilyStore.java,src/java/org/apache/cassandra/db/ColumnFamilyStore.java,MODIFY,2258,453
13,13,ColumnFamilyStore.java,61e0251a1d4ddc695382aee11e443506afd40899,1,1,2,src/java/org/apache/cassandra/db/ColumnFamilyStore.java,src/java/org/apache/cassandra/db/ColumnFamilyStore.java,MODIFY,2230,438
14,14,ColumnFamilyStore.java,15f03ab446854cf4d2999c3785d145c89bc3a3e4,2,2,4,src/java/org/apache/cassandra/db/ColumnFamilyStore.java,src/java/org/apache/cassandra/db/ColumnFamilyStore.java,MODIFY,2230,438
15,15,ColumnFamilyStore.java,acdbba7957be3567d6eeb756f098d81ca736d995,3,1,4,src/java/org/apache/cassandra/db/ColumnFamilyStore.java,src/java/org/apache/cassandra/db/ColumnFamilyStore.java,MODIFY,2260,453
16,16,ColumnFamilyStore.java,c8136b98f20f5bb93bae81444ac4ad9247d9042a,3,1,4,src/java/org/apache/cassandra/db/ColumnFamilyStore.java,src/java/org/apache/cassandra/db/ColumnFamilyStore.java,MODIFY,2232,438
17,17,Gossiper.java,6bad57fc3cf967838a220d8402db37ed9a5b3b4e,24,23,47,src/java/org/apache/cassandra/gms/Gossiper.java,src/java/org/apache/cassandra/gms/Gossiper.java,MODIFY,1078,244
18,18,Gossiper.java,6bb6bb005197c33fa94026d472ff78d4f36613cc,24,23,47,src/java/org/apache/cassandra/gms/Gossiper.java,src/java/org/apache/cassandra/gms/Gossiper.java,MODIFY,1079,243
19,19,Gossiper.java,9a90e9894e9e079058876cf2b16a47d29ba0a32a,24,23,47,src/java/org/apache/cassandra/gms/Gossiper.java,src/java/org/apache/cassandra/gms/Gossiper.java,MODIFY,1089,248
20,20,Gossiper.java,582b66fbdfbedd8eb14b16c9f6522067ea921a13,2,1,3,src/java/org/apache/cassandra/gms/Gossiper.java,src/java/org/apache/cassandra/gms/Gossiper.java,MODIFY,1079,245
21,21,Gossiper.java,7650fc196341bd673626054593f2ce6e895d7783,9,19,28,src/java/org/apache/cassandra/gms/Gossiper.java,src/java/org/apache/cassandra/gms/Gossiper.java,MODIFY,1070,240
22,22,Gossiper.java,51753263a4c4d50c5bbe7bb80636cca5b6458ecf,16,5,21,src/java/org/apache/cassandra/gms/Gossiper.java,src/java/org/apache/cassandra/gms/Gossiper.java,MODIFY,1074,241
23,23,Gossiper.java,b89037fe400b2b5097961c8276fa5c157b6cd49c,12,11,23,src/java/org/apache/cassandra/gms/Gossiper.java,src/java/org/apache/cassandra/gms/Gossiper.java,MODIFY,1085,245
24,24,RowCacheTest.java,d867ac1f41c59b31f8fb4f54a06c0118018cfc81,1,1,2,test/unit/org/apache/cassandra/db/RowCacheTest.java,test/unit/org/apache/cassandra/db/RowCacheTest.java,MODIFY,229,16
25,25,RowCacheTest.java,48b685e8521ea54d93c0d8d9e4ea80ecb1400dce,1,1,2,test/unit/org/apache/cassandra/db/RowCacheTest.java,test/unit/org/apache/cassandra/db/RowCacheTest.java,MODIFY,229,16
26,26,RowCacheTest.java,1c3ff9242a0bfc5c544c69f68ee7b17a464a5ab3,55,6,61,test/unit/org/apache/cassandra/db/RowCacheTest.java,test/unit/org/apache/cassandra/db/RowCacheTest.java,MODIFY,247,20
27,27,RowCacheTest.java,acdbba7957be3567d6eeb756f098d81ca736d995,51,0,51,test/unit/org/apache/cassandra/db/RowCacheTest.java,test/unit/org/apache/cassandra/db/RowCacheTest.java,MODIFY,277,23
28,28,RowCacheTest.java,c8136b98f20f5bb93bae81444ac4ad9247d9042a,50,0,50,test/unit/org/apache/cassandra/db/RowCacheTest.java,test/unit/org/apache/cassandra/db/RowCacheTest.java,MODIFY,299,24
29,29,RowCacheTest.java,5aa19cb68a7cbd95683db92a0c4bbcf47d4dcb23,49,0,49,test/unit/org/apache/cassandra/db/RowCacheTest.java,test/unit/org/apache/cassandra/db/RowCacheTest.java,MODIFY,352,30
30,30,StorageProxy.java,e291382fd00e4c7fc9258116885267515da3c49c,6,5,11,src/java/org/apache/cassandra/service/StorageProxy.java,src/java/org/apache/cassandra/service/StorageProxy.java,MODIFY,1734,312
31,31,StorageProxy.java,ed424bdd65ccf11742f2016ae5bc0b3ad5a99571,16,4,20,src/java/org/apache/cassandra/service/StorageProxy.java,src/java/org/apache/cassandra/service/StorageProxy.java,MODIFY,1871,333
32,32,StorageProxy.java,7650fc196341bd673626054593f2ce6e895d7783,5,5,10,src/java/org/apache/cassandra/service/StorageProxy.java,src/java/org/apache/cassandra/service/StorageProxy.java,MODIFY,1734,312
33,33,StorageProxy.java,51753263a4c4d50c5bbe7bb80636cca5b6458ecf,4,4,8,src/java/org/apache/cassandra/service/StorageProxy.java,src/java/org/apache/cassandra/service/StorageProxy.java,MODIFY,1734,312
34,34,StorageProxy.java,83f8ccc6685bf81a5264c3dfa1969ce061d2bc61,13,1,14,src/java/org/apache/cassandra/service/StorageProxy.java,src/java/org/apache/cassandra/service/StorageProxy.java,MODIFY,1883,334
35,35,StorageProxy.java,c184e8c14b28eddc20cbdd098f5e47d1ed832898,42,25,67,src/java/org/apache/cassandra/service/StorageProxy.java,src/java/org/apache/cassandra/service/StorageProxy.java,MODIFY,1899,337
36,36,CompactionManager.java,d867ac1f41c59b31f8fb4f54a06c0118018cfc81,1,1,2,src/java/org/apache/cassandra/db/compaction/CompactionManager.java,src/java/org/apache/cassandra/db/compaction/CompactionManager.java,MODIFY,1294,205
37,37,CompactionManager.java,48b685e8521ea54d93c0d8d9e4ea80ecb1400dce,1,1,2,src/java/org/apache/cassandra/db/compaction/CompactionManager.java,src/java/org/apache/cassandra/db/compaction/CompactionManager.java,MODIFY,1294,205
38,38,CompactionManager.java,3d99418cfd641b30b393c9e61cc2b4f5e864d14d,4,2,6,src/java/org/apache/cassandra/db/compaction/CompactionManager.java,src/java/org/apache/cassandra/db/compaction/CompactionManager.java,MODIFY,1189,186
39,39,CompactionManager.java,dbfeeac177074692bdf71d98ffb2cacb14802fb3,2,2,4,src/java/org/apache/cassandra/db/compaction/CompactionManager.java,src/java/org/apache/cassandra/db/compaction/CompactionManager.java,MODIFY,1190,186
40,40,SSTableRewriter.java,d867ac1f41c59b31f8fb4f54a06c0118018cfc81,1,2,3,src/java/org/apache/cassandra/io/sstable/SSTableRewriter.java,src/java/org/apache/cassandra/io/sstable/SSTableRewriter.java,MODIFY,261,57
41,41,SSTableRewriter.java,48b685e8521ea54d93c0d8d9e4ea80ecb1400dce,2,1,3,src/java/org/apache/cassandra/io/sstable/SSTableRewriter.java,src/java/org/apache/cassandra/io/sstable/SSTableRewriter.java,MODIFY,262,57
42,42,SSTableRewriter.java,49c9c01f5b100ca400fb6d3a5b1fab6721c7ee8b,1,4,5,src/java/org/apache/cassandra/io/sstable/SSTableRewriter.java,src/java/org/apache/cassandra/io/sstable/SSTableRewriter.java,MODIFY,255,57
43,43,SSTableRewriter.java,1c3ff9242a0bfc5c544c69f68ee7b17a464a5ab3,0,1,1,src/java/org/apache/cassandra/io/sstable/SSTableRewriter.java,src/java/org/apache/cassandra/io/sstable/SSTableRewriter.java,MODIFY,405,75
44,44,StreamReader.java,d867ac1f41c59b31f8fb4f54a06c0118018cfc81,1,1,2,src/java/org/apache/cassandra/streaming/StreamReader.java,src/java/org/apache/cassandra/streaming/StreamReader.java,MODIFY,127,17
45,45,StreamReader.java,48b685e8521ea54d93c0d8d9e4ea80ecb1400dce,1,1,2,src/java/org/apache/cassandra/streaming/StreamReader.java,src/java/org/apache/cassandra/streaming/StreamReader.java,MODIFY,127,17
46,46,StreamReader.java,1c3ff9242a0bfc5c544c69f68ee7b17a464a5ab3,0,1,1,src/java/org/apache/cassandra/streaming/StreamReader.java,src/java/org/apache/cassandra/streaming/StreamReader.java,MODIFY,124,17
47,47,StreamReader.java,a9a2d75b269cf5e53c40c69064d3478c1cd43643,1,3,4,src/java/org/apache/cassandra/streaming/StreamReader.java,src/java/org/apache/cassandra/streaming/StreamReader.java,MODIFY,215,37
48,48,NodeProbe.java,ecd66de2bdf2ecb88c4276a4616a76f5ec2921bb,12,0,12,src/java/org/apache/cassandra/tools/NodeProbe.java,src/java/org/apache/cassandra/tools/NodeProbe.java,MODIFY,1215,263
49,49,NodeProbe.java,5cafe8606fa1f28b535c69c57f78593c4e6ea85a,2,1,3,src/java/org/apache/cassandra/tools/NodeProbe.java,src/java/org/apache/cassandra/tools/NodeProbe.java,MODIFY,1216,263
50,50,NodeProbe.java,a4c767efb58ed057bcbd11dde5140a3537d6c17f,12,3,15,src/java/org/apache/cassandra/tools/NodeProbe.java,src/java/org/apache/cassandra/tools/NodeProbe.java,MODIFY,1118,244
51,51,NodeProbe.java,05300b26e7918a2c329f902ed0022680f981a3ab,12,3,15,src/java/org/apache/cassandra/tools/NodeProbe.java,src/java/org/apache/cassandra/tools/NodeProbe.java,MODIFY,1143,248
52,52,SecondaryIndexManager.java,5730e7b9f8dfc23b9001b9ad41a63f99f33ed31b,6,1,7,src/java/org/apache/cassandra/index/SecondaryIndexManager.java,src/java/org/apache/cassandra/index/SecondaryIndexManager.java,MODIFY,642,125
53,53,SecondaryIndexManager.java,c2320c92fdae6815b8952ba98b1e8e5239b5be2a,4,2,6,src/java/org/apache/cassandra/index/SecondaryIndexManager.java,src/java/org/apache/cassandra/index/SecondaryIndexManager.java,MODIFY,644,125
54,54,SecondaryIndexManager.java,61e0251a1d4ddc695382aee11e443506afd40899,1,5,6,src/java/org/apache/cassandra/db/index/SecondaryIndexManager.java,src/java/org/apache/cassandra/db/index/SecondaryIndexManager.java,MODIFY,579,150
55,55,SecondaryIndexManager.java,fffa6d8e668dbc10b6e79e4aa1bec54c35978212,28,37,65,src/java/org/apache/cassandra/index/SecondaryIndexManager.java,src/java/org/apache/cassandra/index/SecondaryIndexManager.java,MODIFY,661,128
56,56,SecondaryIndexTest.java,c2320c92fdae6815b8952ba98b1e8e5239b5be2a,55,0,55,test/unit/org/apache/cassandra/cql3/validation/entities/SecondaryIndexTest.java,test/unit/org/apache/cassandra/cql3/validation/entities/SecondaryIndexTest.java,MODIFY,653,40
57,57,SecondaryIndexTest.java,2cbd776250553a4e5d3dbb4dc286a3ceb7724158,9,0,9,test/unit/org/apache/cassandra/cql3/validation/entities/SecondaryIndexTest.java,test/unit/org/apache/cassandra/cql3/validation/entities/SecondaryIndexTest.java,MODIFY,659,41
58,58,SecondaryIndexTest.java,61e0251a1d4ddc695382aee11e443506afd40899,151,8,159,test/unit/org/apache/cassandra/cql3/validation/entities/SecondaryIndexTest.java,test/unit/org/apache/cassandra/cql3/validation/entities/SecondaryIndexTest.java,MODIFY,536,53
59,59,SecondaryIndexTest.java,4c56c89a1e47927d6006a6f4294c8a84035fe623,40,22,62,test/unit/org/apache/cassandra/cql3/validation/entities/SecondaryIndexTest.java,test/unit/org/apache/cassandra/cql3/validation/entities/SecondaryIndexTest.java,MODIFY,725,49
60,60,MigrationManager.java,ae315b5ec944571342146867c51b2ceb50f3845e,22,2,24,src/java/org/apache/cassandra/service/MigrationManager.java,src/java/org/apache/cassandra/service/MigrationManager.java,MODIFY,459,115
61,61,MigrationManager.java,7650fc196341bd673626054593f2ce6e895d7783,2,2,4,src/java/org/apache/cassandra/service/MigrationManager.java,src/java/org/apache/cassandra/service/MigrationManager.java,MODIFY,356,84
62,62,MigrationManager.java,4c56c89a1e47927d6006a6f4294c8a84035fe623,2,2,4,src/java/org/apache/cassandra/service/MigrationManager.java,src/java/org/apache/cassandra/service/MigrationManager.java,MODIFY,459,115
63,63,MigrationManager.java,51753263a4c4d50c5bbe7bb80636cca5b6458ecf,2,2,4,src/java/org/apache/cassandra/service/MigrationManager.java,src/java/org/apache/cassandra/service/MigrationManager.java,MODIFY,356,84
64,64,SystemKeyspace.java,d0da9e7612e6fb94fea8298a88215783a8125311,7,3,10,src/java/org/apache/cassandra/db/SystemKeyspace.java,src/java/org/apache/cassandra/db/SystemKeyspace.java,MODIFY,1087,146
65,65,SystemKeyspace.java,f6deca3db2ec173c8d0b2cd33ef2660012ae3f69,18,3,21,src/java/org/apache/cassandra/db/SystemKeyspace.java,src/java/org/apache/cassandra/db/SystemKeyspace.java,MODIFY,767,141
66,66,SystemKeyspace.java,879c49bb7d28946187a04e5cd76236d652825579,15,0,15,src/java/org/apache/cassandra/db/SystemKeyspace.java,src/java/org/apache/cassandra/db/SystemKeyspace.java,MODIFY,880,134
67,67,SystemKeyspace.java,a4da379bb042fcf171a560af5edd9e785d6f8e4e,15,0,15,src/java/org/apache/cassandra/db/SystemKeyspace.java,src/java/org/apache/cassandra/db/SystemKeyspace.java,MODIFY,1095,149
68,68,CompactionController.java,d867ac1f41c59b31f8fb4f54a06c0118018cfc81,1,3,4,src/java/org/apache/cassandra/db/compaction/CompactionController.java,src/java/org/apache/cassandra/db/compaction/CompactionController.java,MODIFY,122,26
69,69,CompactionController.java,48b685e8521ea54d93c0d8d9e4ea80ecb1400dce,3,1,4,src/java/org/apache/cassandra/db/compaction/CompactionController.java,src/java/org/apache/cassandra/db/compaction/CompactionController.java,MODIFY,124,26
70,70,CompactionController.java,1c3ff9242a0bfc5c544c69f68ee7b17a464a5ab3,0,5,5,src/java/org/apache/cassandra/db/compaction/CompactionController.java,src/java/org/apache/cassandra/db/compaction/CompactionController.java,MODIFY,121,25
71,71,AbstractColumnFamilyInputFormat.java,177f607057a9d4c4b3746cec51e8e283938a5363,38,36,74,src/java/org/apache/cassandra/hadoop/AbstractColumnFamilyInputFormat.java,src/java/org/apache/cassandra/hadoop/AbstractColumnFamilyInputFormat.java,MODIFY,228,36
72,72,AbstractColumnFamilyInputFormat.java,9fc957cf3097e54ccd72e51b2d0650dc3e83eae0,1,1,2,src/java/org/apache/cassandra/hadoop/AbstractColumnFamilyInputFormat.java,src/java/org/apache/cassandra/hadoop/AbstractColumnFamilyInputFormat.java,MODIFY,228,36
73,73,AbstractColumnFamilyInputFormat.java,f8fc0311b65b3d82737352f3d01483c0334a6867,2,2,4,src/java/org/apache/cassandra/hadoop/AbstractColumnFamilyInputFormat.java,src/java/org/apache/cassandra/hadoop/AbstractColumnFamilyInputFormat.java,MODIFY,228,36
74,74,EndpointState.java,6bad57fc3cf967838a220d8402db37ed9a5b3b4e,51,25,76,src/java/org/apache/cassandra/gms/EndpointState.java,src/java/org/apache/cassandra/gms/EndpointState.java,MODIFY,135,24
75,75,EndpointState.java,6bb6bb005197c33fa94026d472ff78d4f36613cc,51,25,76,src/java/org/apache/cassandra/gms/EndpointState.java,src/java/org/apache/cassandra/gms/EndpointState.java,MODIFY,149,28
76,76,EndpointState.java,9a90e9894e9e079058876cf2b16a47d29ba0a32a,51,25,76,src/java/org/apache/cassandra/gms/EndpointState.java,src/java/org/apache/cassandra/gms/EndpointState.java,MODIFY,150,28
77,77,FailureDetector.java,6bad57fc3cf967838a220d8402db37ed9a5b3b4e,4,3,7,src/java/org/apache/cassandra/gms/FailureDetector.java,src/java/org/apache/cassandra/gms/FailureDetector.java,MODIFY,353,66
78,78,FailureDetector.java,6bb6bb005197c33fa94026d472ff78d4f36613cc,4,3,7,src/java/org/apache/cassandra/gms/FailureDetector.java,src/java/org/apache/cassandra/gms/FailureDetector.java,MODIFY,394,76
79,79,FailureDetector.java,9a90e9894e9e079058876cf2b16a47d29ba0a32a,4,3,7,src/java/org/apache/cassandra/gms/FailureDetector.java,src/java/org/apache/cassandra/gms/FailureDetector.java,MODIFY,394,76
80,80,VersionedValue.java,6bad57fc3cf967838a220d8402db37ed9a5b3b4e,5,0,5,src/java/org/apache/cassandra/gms/VersionedValue.java,src/java/org/apache/cassandra/gms/VersionedValue.java,MODIFY,197,35
81,81,VersionedValue.java,6bb6bb005197c33fa94026d472ff78d4f36613cc,5,0,5,src/java/org/apache/cassandra/gms/VersionedValue.java,src/java/org/apache/cassandra/gms/VersionedValue.java,MODIFY,201,36
82,82,VersionedValue.java,9a90e9894e9e079058876cf2b16a47d29ba0a32a,5,0,5,src/java/org/apache/cassandra/gms/VersionedValue.java,src/java/org/apache/cassandra/gms/VersionedValue.java,MODIFY,202,36
83,83,EndpointStateTest.java,6bad57fc3cf967838a220d8402db37ed9a5b3b4e,159,0,159,,test/unit/org/apache/cassandra/gms/EndpointStateTest.java,ADD,110,11
84,84,EndpointStateTest.java,6bb6bb005197c33fa94026d472ff78d4f36613cc,159,0,159,,test/unit/org/apache/cassandra/gms/EndpointStateTest.java,ADD,110,11
85,85,EndpointStateTest.java,9a90e9894e9e079058876cf2b16a47d29ba0a32a,159,0,159,,test/unit/org/apache/cassandra/gms/EndpointStateTest.java,ADD,110,11
86,86,CloudstackSnitchTest.java,6bad57fc3cf967838a220d8402db37ed9a5b3b4e,3,5,8,test/unit/org/apache/cassandra/locator/CloudstackSnitchTest.java,test/unit/org/apache/cassandra/locator/CloudstackSnitchTest.java,MODIFY,76,7
87,87,CloudstackSnitchTest.java,6bb6bb005197c33fa94026d472ff78d4f36613cc,3,1,4,test/unit/org/apache/cassandra/locator/CloudstackSnitchTest.java,test/unit/org/apache/cassandra/locator/CloudstackSnitchTest.java,MODIFY,76,7
88,88,CloudstackSnitchTest.java,9a90e9894e9e079058876cf2b16a47d29ba0a32a,3,1,4,test/unit/org/apache/cassandra/locator/CloudstackSnitchTest.java,test/unit/org/apache/cassandra/locator/CloudstackSnitchTest.java,MODIFY,76,7
89,89,EC2SnitchTest.java,6bad57fc3cf967838a220d8402db37ed9a5b3b4e,3,1,4,test/unit/org/apache/cassandra/locator/EC2SnitchTest.java,test/unit/org/apache/cassandra/locator/EC2SnitchTest.java,MODIFY,88,7
90,90,EC2SnitchTest.java,6bb6bb005197c33fa94026d472ff78d4f36613cc,3,1,4,test/unit/org/apache/cassandra/locator/EC2SnitchTest.java,test/unit/org/apache/cassandra/locator/EC2SnitchTest.java,MODIFY,88,7
91,91,EC2SnitchTest.java,9a90e9894e9e079058876cf2b16a47d29ba0a32a,3,1,4,test/unit/org/apache/cassandra/locator/EC2SnitchTest.java,test/unit/org/apache/cassandra/locator/EC2SnitchTest.java,MODIFY,88,7
92,92,GoogleCloudSnitchTest.java,6bad57fc3cf967838a220d8402db37ed9a5b3b4e,3,5,8,test/unit/org/apache/cassandra/locator/GoogleCloudSnitchTest.java,test/unit/org/apache/cassandra/locator/GoogleCloudSnitchTest.java,MODIFY,71,6
93,93,GoogleCloudSnitchTest.java,6bb6bb005197c33fa94026d472ff78d4f36613cc,3,1,4,test/unit/org/apache/cassandra/locator/GoogleCloudSnitchTest.java,test/unit/org/apache/cassandra/locator/GoogleCloudSnitchTest.java,MODIFY,71,6
94,94,GoogleCloudSnitchTest.java,9a90e9894e9e079058876cf2b16a47d29ba0a32a,3,1,4,test/unit/org/apache/cassandra/locator/GoogleCloudSnitchTest.java,test/unit/org/apache/cassandra/locator/GoogleCloudSnitchTest.java,MODIFY,71,6
95,95,StreamReceiveTask.java,1c3ff9242a0bfc5c544c69f68ee7b17a464a5ab3,36,0,36,src/java/org/apache/cassandra/streaming/StreamReceiveTask.java,src/java/org/apache/cassandra/streaming/StreamReceiveTask.java,MODIFY,130,22
96,96,StreamReceiveTask.java,5ba69a32590074610f5516a20b8198416b79dfcf,58,47,105,src/java/org/apache/cassandra/streaming/StreamReceiveTask.java,src/java/org/apache/cassandra/streaming/StreamReceiveTask.java,MODIFY,141,23
97,97,StreamReceiveTask.java,814bc7065e05e09c6a3a8992906fc8be1fa03074,1,1,2,src/java/org/apache/cassandra/streaming/StreamReceiveTask.java,src/java/org/apache/cassandra/streaming/StreamReceiveTask.java,MODIFY,177,24
98,98,CompressionMetadata.java,7e056fa27047a868660ff796734dcbd485e1b29a,8,3,11,src/java/org/apache/cassandra/io/compress/CompressionMetadata.java,src/java/org/apache/cassandra/io/compress/CompressionMetadata.java,MODIFY,356,56
99,99,CompressionMetadata.java,73a730f926d25a7d4f693507937b8565b701259c,6,2,8,src/java/org/apache/cassandra/io/compress/CompressionMetadata.java,src/java/org/apache/cassandra/io/compress/CompressionMetadata.java,MODIFY,342,57
100,100,CompressionMetadata.java,8385bb639ad8a6a86393a05813fd9b0b45876a2e,30,0,30,src/java/org/apache/cassandra/io/compress/CompressionMetadata.java,src/java/org/apache/cassandra/io/compress/CompressionMetadata.java,MODIFY,381,62
101,101,CQLTester.java,9a78608193f766af76cacfafc4f9a6635b1db4ee,3,3,6,test/unit/org/apache/cassandra/cql3/CQLTester.java,test/unit/org/apache/cassandra/cql3/CQLTester.java,MODIFY,1166,263
102,102,CQLTester.java,31be903a74864e58980e0e22fd993a280c9138b3,21,1,22,test/unit/org/apache/cassandra/cql3/CQLTester.java,test/unit/org/apache/cassandra/cql3/CQLTester.java,MODIFY,1037,229
103,103,CQLTester.java,2cbd776250553a4e5d3dbb4dc286a3ceb7724158,28,1,29,test/unit/org/apache/cassandra/cql3/CQLTester.java,test/unit/org/apache/cassandra/cql3/CQLTester.java,MODIFY,1184,267
104,104,QueryProcessor.java,31be903a74864e58980e0e22fd993a280c9138b3,44,10,54,src/java/org/apache/cassandra/cql3/QueryProcessor.java,src/java/org/apache/cassandra/cql3/QueryProcessor.java,MODIFY,561,105
105,105,QueryProcessor.java,2cbd776250553a4e5d3dbb4dc286a3ceb7724158,33,7,40,src/java/org/apache/cassandra/cql3/QueryProcessor.java,src/java/org/apache/cassandra/cql3/QueryProcessor.java,MODIFY,546,103
106,106,QueryProcessor.java,4c56c89a1e47927d6006a6f4294c8a84035fe623,2,2,4,src/java/org/apache/cassandra/cql3/QueryProcessor.java,src/java/org/apache/cassandra/cql3/QueryProcessor.java,MODIFY,546,103
107,107,CompactionsPurgeTest.java,d867ac1f41c59b31f8fb4f54a06c0118018cfc81,1,1,2,test/unit/org/apache/cassandra/db/compaction/CompactionsPurgeTest.java,test/unit/org/apache/cassandra/db/compaction/CompactionsPurgeTest.java,MODIFY,290,21
108,108,CompactionsPurgeTest.java,48b685e8521ea54d93c0d8d9e4ea80ecb1400dce,1,1,2,test/unit/org/apache/cassandra/db/compaction/CompactionsPurgeTest.java,test/unit/org/apache/cassandra/db/compaction/CompactionsPurgeTest.java,MODIFY,290,21
109,109,CQLSSTableWriterTest.java,3674ad9dab8f29173d7d4ee82488a8e9ea586240,22,0,22,test/unit/org/apache/cassandra/io/sstable/CQLSSTableWriterTest.java,test/unit/org/apache/cassandra/io/sstable/CQLSSTableWriterTest.java,MODIFY,252,17
110,110,CQLSSTableWriterTest.java,d766f4fb20af4914b54420e22af0de909eb180ed,1,1,2,test/unit/org/apache/cassandra/io/sstable/CQLSSTableWriterTest.java,test/unit/org/apache/cassandra/io/sstable/CQLSSTableWriterTest.java,MODIFY,254,17
111,111,CqlRecordWriter.java,177f607057a9d4c4b3746cec51e8e283938a5363,49,47,96,src/java/org/apache/cassandra/hadoop/cql3/CqlRecordWriter.java,src/java/org/apache/cassandra/hadoop/cql3/CqlRecordWriter.java,MODIFY,367,72
112,112,CqlRecordWriter.java,f8fc0311b65b3d82737352f3d01483c0334a6867,92,68,160,src/java/org/apache/cassandra/hadoop/cql3/CqlRecordWriter.java,src/java/org/apache/cassandra/hadoop/cql3/CqlRecordWriter.java,MODIFY,388,75
113,113,CqlNativeStorage.java,177f607057a9d4c4b3746cec51e8e283938a5363,3,1,4,src/java/org/apache/cassandra/hadoop/pig/CqlNativeStorage.java,src/java/org/apache/cassandra/hadoop/pig/CqlNativeStorage.java,MODIFY,914,228
114,114,CqlNativeStorage.java,f8fc0311b65b3d82737352f3d01483c0334a6867,3,3,6,src/java/org/apache/cassandra/hadoop/pig/CqlNativeStorage.java,src/java/org/apache/cassandra/hadoop/pig/CqlNativeStorage.java,MODIFY,914,228
115,115,StorageServiceMBean.java,ecd66de2bdf2ecb88c4276a4616a76f5ec2921bb,5,0,5,src/java/org/apache/cassandra/service/StorageServiceMBean.java,src/java/org/apache/cassandra/service/StorageServiceMBean.java,MODIFY,122,0
116,116,StorageServiceMBean.java,a013f3e05aebb3e4b6c4d2a19bbd6f2a95df6208,19,3,22,src/java/org/apache/cassandra/service/StorageServiceMBean.java,src/java/org/apache/cassandra/service/StorageServiceMBean.java,MODIFY,130,0
117,117,AlterTest.java,b05fe4ffee8f1c457a79013c2ddc88abcdadc6bb,17,0,17,test/unit/org/apache/cassandra/cql3/validation/operations/AlterTest.java,test/unit/org/apache/cassandra/cql3/validation/operations/AlterTest.java,MODIFY,150,14
118,118,AlterTest.java,5414950d6a42a2f7d41dec6427cbf210dd7d99af,8,0,8,test/unit/org/apache/cassandra/cql3/validation/operations/AlterTest.java,test/unit/org/apache/cassandra/cql3/validation/operations/AlterTest.java,MODIFY,143,14
119,119,ActiveRepairService.java,99b82dbb43277035562e7b82bb9bdebd84510e96,2,0,2,src/java/org/apache/cassandra/service/ActiveRepairService.java,src/java/org/apache/cassandra/service/ActiveRepairService.java,MODIFY,364,59
120,120,ActiveRepairService.java,1538c0921444d7969ebd07ca1abda9a7e40e4c73,13,4,17,src/java/org/apache/cassandra/service/ActiveRepairService.java,src/java/org/apache/cassandra/service/ActiveRepairService.java,MODIFY,367,56
121,121,AlterTableStatement.java,5414950d6a42a2f7d41dec6427cbf210dd7d99af,3,0,3,src/java/org/apache/cassandra/cql3/statements/AlterTableStatement.java,src/java/org/apache/cassandra/cql3/statements/AlterTableStatement.java,MODIFY,230,60
122,122,AlterTableStatement.java,2cbd776250553a4e5d3dbb4dc286a3ceb7724158,2,7,9,src/java/org/apache/cassandra/cql3/statements/AlterTableStatement.java,src/java/org/apache/cassandra/cql3/statements/AlterTableStatement.java,MODIFY,308,78
123,123,CompressedInputStreamTest.java,8385bb639ad8a6a86393a05813fd9b0b45876a2e,7,0,7,test/unit/org/apache/cassandra/streaming/compress/CompressedInputStreamTest.java,test/unit/org/apache/cassandra/streaming/compress/CompressedInputStreamTest.java,MODIFY,91,11
124,124,CompressedInputStreamTest.java,8b9a9161caf678bfe2ead7aa970fc6b607372c42,74,24,98,test/unit/org/apache/cassandra/streaming/compress/CompressedInputStreamTest.java,test/unit/org/apache/cassandra/streaming/compress/CompressedInputStreamTest.java,MODIFY,133,14
125,125,CompressedStreamReader.java,8b9a9161caf678bfe2ead7aa970fc6b607372c42,4,0,4,src/java/org/apache/cassandra/streaming/compress/CompressedStreamReader.java,src/java/org/apache/cassandra/streaming/compress/CompressedStreamReader.java,MODIFY,91,11
126,126,CompressedStreamReader.java,a9a2d75b269cf5e53c40c69064d3478c1cd43643,1,3,4,src/java/org/apache/cassandra/streaming/compress/CompressedStreamReader.java,src/java/org/apache/cassandra/streaming/compress/CompressedStreamReader.java,MODIFY,88,10
127,127,KeysSearcher.java,f5a09c125cce2078832c20f35eba3ab43eb5c36b,1,2,3,src/java/org/apache/cassandra/db/index/keys/KeysSearcher.java,src/java/org/apache/cassandra/db/index/keys/KeysSearcher.java,MODIFY,146,28
128,128,KeysSearcher.java,61e0251a1d4ddc695382aee11e443506afd40899,3,1,4,src/java/org/apache/cassandra/db/index/keys/KeysSearcher.java,src/java/org/apache/cassandra/db/index/keys/KeysSearcher.java,MODIFY,148,29
129,129,Json.java,31be903a74864e58980e0e22fd993a280c9138b3,2,23,25,src/java/org/apache/cassandra/cql3/Json.java,src/java/org/apache/cassandra/cql3/Json.java,MODIFY,224,39
130,130,Json.java,2cbd776250553a4e5d3dbb4dc286a3ceb7724158,2,23,25,src/java/org/apache/cassandra/cql3/Json.java,src/java/org/apache/cassandra/cql3/Json.java,MODIFY,227,39
131,131,QueryOptions.java,31be903a74864e58980e0e22fd993a280c9138b3,47,5,52,src/java/org/apache/cassandra/cql3/QueryOptions.java,src/java/org/apache/cassandra/cql3/QueryOptions.java,MODIFY,371,78
132,132,QueryOptions.java,2cbd776250553a4e5d3dbb4dc286a3ceb7724158,47,5,52,src/java/org/apache/cassandra/cql3/QueryOptions.java,src/java/org/apache/cassandra/cql3/QueryOptions.java,MODIFY,361,76
133,133,DropTypeStatement.java,2cbd776250553a4e5d3dbb4dc286a3ceb7724158,3,8,11,src/java/org/apache/cassandra/cql3/statements/DropTypeStatement.java,src/java/org/apache/cassandra/cql3/statements/DropTypeStatement.java,MODIFY,104,34
134,134,DropTypeStatement.java,4ecbbc08206fc5cd2e91520a5b99ef890f1da75d,8,2,10,src/java/org/apache/cassandra/cql3/statements/DropTypeStatement.java,src/java/org/apache/cassandra/cql3/statements/DropTypeStatement.java,MODIFY,118,38
135,135,CassandraIndexTest.java,2cbd776250553a4e5d3dbb4dc286a3ceb7724158,8,0,8,test/unit/org/apache/cassandra/index/internal/CassandraIndexTest.java,test/unit/org/apache/cassandra/index/internal/CassandraIndexTest.java,MODIFY,658,57
136,136,CassandraIndexTest.java,4c56c89a1e47927d6006a6f4294c8a84035fe623,0,8,8,test/unit/org/apache/cassandra/index/internal/CassandraIndexTest.java,test/unit/org/apache/cassandra/index/internal/CassandraIndexTest.java,MODIFY,653,56
137,137,PropertyFileSnitch.java,7650fc196341bd673626054593f2ce6e895d7783,63,11,74,src/java/org/apache/cassandra/locator/PropertyFileSnitch.java,src/java/org/apache/cassandra/locator/PropertyFileSnitch.java,MODIFY,185,32
138,138,PropertyFileSnitch.java,51753263a4c4d50c5bbe7bb80636cca5b6458ecf,2,4,6,src/java/org/apache/cassandra/locator/PropertyFileSnitch.java,src/java/org/apache/cassandra/locator/PropertyFileSnitch.java,MODIFY,183,32
139,139,YamlFileNetworkTopologySnitch.java,7650fc196341bd673626054593f2ce6e895d7783,83,28,111,src/java/org/apache/cassandra/locator/YamlFileNetworkTopologySnitch.java,src/java/org/apache/cassandra/locator/YamlFileNetworkTopologySnitch.java,MODIFY,303,49
140,140,YamlFileNetworkTopologySnitch.java,51753263a4c4d50c5bbe7bb80636cca5b6458ecf,2,2,4,src/java/org/apache/cassandra/locator/YamlFileNetworkTopologySnitch.java,src/java/org/apache/cassandra/locator/YamlFileNetworkTopologySnitch.java,MODIFY,303,49
141,141,Schema.java,4c56c89a1e47927d6006a6f4294c8a84035fe623,4,4,8,src/java/org/apache/cassandra/config/Schema.java,src/java/org/apache/cassandra/config/Schema.java,MODIFY,443,82
142,142,Schema.java,15f03ab446854cf4d2999c3785d145c89bc3a3e4,3,1,4,src/java/org/apache/cassandra/config/Schema.java,src/java/org/apache/cassandra/config/Schema.java,MODIFY,353,65
143,143,BufferedDataOutputStreamPlus.java,a320737b18c19e3ec59035e5e487f2af1dcd0172,12,8,20,src/java/org/apache/cassandra/io/util/BufferedDataOutputStreamPlus.java,src/java/org/apache/cassandra/io/util/BufferedDataOutputStreamPlus.java,MODIFY,227,48
144,144,BufferedDataOutputStreamPlus.java,f7aaea013e98178064103d9b4cd39f66bad083f3,13,9,22,src/java/org/apache/cassandra/io/util/BufferedDataOutputStreamPlus.java,src/java/org/apache/cassandra/io/util/BufferedDataOutputStreamPlus.java,MODIFY,266,61
145,145,DataOutputBuffer.java,a320737b18c19e3ec59035e5e487f2af1dcd0172,71,7,78,src/java/org/apache/cassandra/io/util/DataOutputBuffer.java,src/java/org/apache/cassandra/io/util/DataOutputBuffer.java,MODIFY,129,23
146,146,DataOutputBuffer.java,f7aaea013e98178064103d9b4cd39f66bad083f3,71,7,78,src/java/org/apache/cassandra/io/util/DataOutputBuffer.java,src/java/org/apache/cassandra/io/util/DataOutputBuffer.java,MODIFY,137,25
147,147,DataOutputBufferFixed.java,a320737b18c19e3ec59035e5e487f2af1dcd0172,1,1,2,src/java/org/apache/cassandra/io/util/DataOutputBufferFixed.java,src/java/org/apache/cassandra/io/util/DataOutputBufferFixed.java,MODIFY,29,5
148,148,DataOutputBufferFixed.java,f7aaea013e98178064103d9b4cd39f66bad083f3,1,1,2,src/java/org/apache/cassandra/io/util/DataOutputBufferFixed.java,src/java/org/apache/cassandra/io/util/DataOutputBufferFixed.java,MODIFY,29,5
149,149,SafeMemoryWriter.java,a320737b18c19e3ec59035e5e487f2af1dcd0172,9,1,10,src/java/org/apache/cassandra/io/util/SafeMemoryWriter.java,src/java/org/apache/cassandra/io/util/SafeMemoryWriter.java,MODIFY,77,14
150,150,SafeMemoryWriter.java,f7aaea013e98178064103d9b4cd39f66bad083f3,9,1,10,src/java/org/apache/cassandra/io/util/SafeMemoryWriter.java,src/java/org/apache/cassandra/io/util/SafeMemoryWriter.java,MODIFY,77,14
151,151,DataOutputTest.java,a320737b18c19e3ec59035e5e487f2af1dcd0172,202,0,202,test/unit/org/apache/cassandra/io/util/DataOutputTest.java,test/unit/org/apache/cassandra/io/util/DataOutputTest.java,MODIFY,423,44
152,152,DataOutputTest.java,f7aaea013e98178064103d9b4cd39f66bad083f3,202,0,202,test/unit/org/apache/cassandra/io/util/DataOutputTest.java,test/unit/org/apache/cassandra/io/util/DataOutputTest.java,MODIFY,423,44
153,153,ThreadPoolMetrics.java,a4c767efb58ed057bcbd11dde5140a3537d6c17f,30,1,31,src/java/org/apache/cassandra/metrics/ThreadPoolMetrics.java,src/java/org/apache/cassandra/metrics/ThreadPoolMetrics.java,MODIFY,117,14
154,154,ThreadPoolMetrics.java,05300b26e7918a2c329f902ed0022680f981a3ab,30,1,31,src/java/org/apache/cassandra/metrics/ThreadPoolMetrics.java,src/java/org/apache/cassandra/metrics/ThreadPoolMetrics.java,MODIFY,117,14
155,155,TpStats.java,a4c767efb58ed057bcbd11dde5140a3537d6c17f,11,8,19,src/java/org/apache/cassandra/tools/nodetool/TpStats.java,src/java/org/apache/cassandra/tools/nodetool/TpStats.java,MODIFY,29,3
156,156,TpStats.java,05300b26e7918a2c329f902ed0022680f981a3ab,13,10,23,src/java/org/apache/cassandra/tools/nodetool/TpStats.java,src/java/org/apache/cassandra/tools/nodetool/TpStats.java,MODIFY,29,3
157,157,StatusLogger.java,a4c767efb58ed057bcbd11dde5140a3537d6c17f,8,7,15,src/java/org/apache/cassandra/utils/StatusLogger.java,src/java/org/apache/cassandra/utils/StatusLogger.java,MODIFY,74,7
158,158,StatusLogger.java,05300b26e7918a2c329f902ed0022680f981a3ab,8,7,15,src/java/org/apache/cassandra/utils/StatusLogger.java,src/java/org/apache/cassandra/utils/StatusLogger.java,MODIFY,74,7
159,159,CASClientRequestMetrics.java,c8136b98f20f5bb93bae81444ac4ad9247d9042a,1,1,2,src/java/org/apache/cassandra/metrics/CASClientRequestMetrics.java,src/java/org/apache/cassandra/metrics/CASClientRequestMetrics.java,MODIFY,23,2
160,160,CASClientRequestMetrics.java,5aa19cb68a7cbd95683db92a0c4bbcf47d4dcb23,1,1,2,src/java/org/apache/cassandra/metrics/CASClientRequestMetrics.java,src/java/org/apache/cassandra/metrics/CASClientRequestMetrics.java,MODIFY,23,2
161,161,CassandraMetricsRegistry.java,c8136b98f20f5bb93bae81444ac4ad9247d9042a,3,3,6,src/java/org/apache/cassandra/metrics/CassandraMetricsRegistry.java,src/java/org/apache/cassandra/metrics/CassandraMetricsRegistry.java,MODIFY,532,95
162,162,CassandraMetricsRegistry.java,5aa19cb68a7cbd95683db92a0c4bbcf47d4dcb23,5,5,10,src/java/org/apache/cassandra/metrics/CassandraMetricsRegistry.java,src/java/org/apache/cassandra/metrics/CassandraMetricsRegistry.java,MODIFY,584,105
163,163,EstimatedHistogramReservoir.java,c8136b98f20f5bb93bae81444ac4ad9247d9042a,5,5,10,src/java/org/apache/cassandra/metrics/EstimatedHistogramReservoir.java,src/java/org/apache/cassandra/metrics/EstimatedHistogramReservoir.java,MODIFY,67,11
164,164,EstimatedHistogramReservoir.java,5aa19cb68a7cbd95683db92a0c4bbcf47d4dcb23,5,5,10,src/java/org/apache/cassandra/metrics/EstimatedHistogramReservoir.java,src/java/org/apache/cassandra/metrics/EstimatedHistogramReservoir.java,MODIFY,67,11
165,165,KeyspaceMetrics.java,c8136b98f20f5bb93bae81444ac4ad9247d9042a,4,4,8,src/java/org/apache/cassandra/metrics/KeyspaceMetrics.java,src/java/org/apache/cassandra/metrics/KeyspaceMetrics.java,MODIFY,218,7
166,166,KeyspaceMetrics.java,5aa19cb68a7cbd95683db92a0c4bbcf47d4dcb23,4,4,8,src/java/org/apache/cassandra/metrics/KeyspaceMetrics.java,src/java/org/apache/cassandra/metrics/KeyspaceMetrics.java,MODIFY,222,7
167,167,EstimatedHistogram.java,c8136b98f20f5bb93bae81444ac4ad9247d9042a,24,7,31,src/java/org/apache/cassandra/utils/EstimatedHistogram.java,src/java/org/apache/cassandra/utils/EstimatedHistogram.java,MODIFY,251,63
168,168,EstimatedHistogram.java,5aa19cb68a7cbd95683db92a0c4bbcf47d4dcb23,24,7,31,src/java/org/apache/cassandra/utils/EstimatedHistogram.java,src/java/org/apache/cassandra/utils/EstimatedHistogram.java,MODIFY,251,63
169,169,EstimatedHistogramTest.java,c8136b98f20f5bb93bae81444ac4ad9247d9042a,53,6,59,test/unit/org/apache/cassandra/utils/EstimatedHistogramTest.java,test/unit/org/apache/cassandra/utils/EstimatedHistogramTest.java,MODIFY,124,13
170,170,EstimatedHistogramTest.java,5aa19cb68a7cbd95683db92a0c4bbcf47d4dcb23,53,6,59,test/unit/org/apache/cassandra/utils/EstimatedHistogramTest.java,test/unit/org/apache/cassandra/utils/EstimatedHistogramTest.java,MODIFY,124,13
171,171,CassandraDaemon.java,879c49bb7d28946187a04e5cd76236d652825579,0,15,15,src/java/org/apache/cassandra/service/CassandraDaemon.java,src/java/org/apache/cassandra/service/CassandraDaemon.java,MODIFY,484,88
172,172,CassandraDaemon.java,a4da379bb042fcf171a560af5edd9e785d6f8e4e,0,15,15,src/java/org/apache/cassandra/service/CassandraDaemon.java,src/java/org/apache/cassandra/service/CassandraDaemon.java,MODIFY,518,95
173,173,StartupChecks.java,879c49bb7d28946187a04e5cd76236d652825579,47,1,48,src/java/org/apache/cassandra/service/StartupChecks.java,src/java/org/apache/cassandra/service/StartupChecks.java,MODIFY,253,45
174,174,StartupChecks.java,a4da379bb042fcf171a560af5edd9e785d6f8e4e,47,1,48,src/java/org/apache/cassandra/service/StartupChecks.java,src/java/org/apache/cassandra/service/StartupChecks.java,MODIFY,252,44
175,175,JavaSourceUDFFactory.java,b5b1252ce1d2f81a51801a1b62bcf0b86fdf7238,12,1,13,src/java/org/apache/cassandra/cql3/functions/JavaSourceUDFFactory.java,src/java/org/apache/cassandra/cql3/functions/JavaSourceUDFFactory.java,MODIFY,422,79
176,176,MessagingService.java,852a8babd4bafe26de91049cec37ffe6fb33cacb,0,1,1,src/java/org/apache/cassandra/net/MessagingService.java,src/java/org/apache/cassandra/net/MessagingService.java,MODIFY,878,147
177,177,CQLSSTableWriter.java,3674ad9dab8f29173d7d4ee82488a8e9ea586240,2,0,2,src/java/org/apache/cassandra/io/sstable/CQLSSTableWriter.java,src/java/org/apache/cassandra/io/sstable/CQLSSTableWriter.java,MODIFY,311,57
178,178,AuditTrigger.java,fb463c79e0cb63114a2f220182e7c7ed3e0f4205,19,27,46,examples/triggers/src/org/apache/cassandra/triggers/InvertedIndex.java,examples/triggers/src/org/apache/cassandra/triggers/AuditTrigger.java,RENAME,46,3
179,179,CLibrary.java,49c9c01f5b100ca400fb6d3a5b1fab6721c7ee8b,14,15,29,src/java/org/apache/cassandra/utils/CLibrary.java,src/java/org/apache/cassandra/utils/CLibrary.java,MODIFY,268,50
180,180,CLibraryTest.java,49c9c01f5b100ca400fb6d3a5b1fab6721c7ee8b,1,2,3,test/unit/org/apache/cassandra/utils/CLibraryTest.java,test/unit/org/apache/cassandra/utils/CLibraryTest.java,MODIFY,13,1
181,181,Bounds.java,1c3ff9242a0bfc5c544c69f68ee7b17a464a5ab3,62,0,62,src/java/org/apache/cassandra/dht/Bounds.java,src/java/org/apache/cassandra/dht/Bounds.java,MODIFY,128,34
182,182,CounterCacheTest.java,1c3ff9242a0bfc5c544c69f68ee7b17a464a5ab3,45,0,45,test/unit/org/apache/cassandra/db/CounterCacheTest.java,test/unit/org/apache/cassandra/db/CounterCacheTest.java,MODIFY,154,6
183,183,BoundsTest.java,1c3ff9242a0bfc5c544c69f68ee7b17a464a5ab3,61,0,61,,test/unit/org/apache/cassandra/dht/BoundsTest.java,ADD,31,2
184,184,NodeTool.java,ecd66de2bdf2ecb88c4276a4616a76f5ec2921bb,11,0,11,src/java/org/apache/cassandra/tools/NodeTool.java,src/java/org/apache/cassandra/tools/NodeTool.java,MODIFY,2318,332
185,185,SimpleDateType.java,b05fe4ffee8f1c457a79013c2ddc88abcdadc6bb,1,1,2,src/java/org/apache/cassandra/db/marshal/SimpleDateType.java,src/java/org/apache/cassandra/db/marshal/SimpleDateType.java,MODIFY,72,14
186,186,HintedHandOffManager.java,e291382fd00e4c7fc9258116885267515da3c49c,5,7,12,src/java/org/apache/cassandra/db/HintedHandOffManager.java,src/java/org/apache/cassandra/db/HintedHandOffManager.java,MODIFY,455,67
187,187,HintedHandOffTest.java,e291382fd00e4c7fc9258116885267515da3c49c,3,2,5,test/unit/org/apache/cassandra/db/HintedHandOffTest.java,test/unit/org/apache/cassandra/db/HintedHandOffTest.java,MODIFY,80,6
188,188,LogFile.java,32239272924e3bf8053aa51adc86d83ceeb39268,4,3,7,src/java/org/apache/cassandra/db/lifecycle/LogFile.java,src/java/org/apache/cassandra/db/lifecycle/LogFile.java,MODIFY,282,54
189,189,LogTransaction.java,32239272924e3bf8053aa51adc86d83ceeb39268,2,4,6,src/java/org/apache/cassandra/db/lifecycle/LogTransaction.java,src/java/org/apache/cassandra/db/lifecycle/LogTransaction.java,MODIFY,295,53
190,190,CustomIndexTest.java,5730e7b9f8dfc23b9001b9ad41a63f99f33ed31b,33,0,33,test/unit/org/apache/cassandra/index/CustomIndexTest.java,test/unit/org/apache/cassandra/index/CustomIndexTest.java,MODIFY,560,47
191,191,AggregationTest.java,c0480d8bbddf111e4cd7c67ef7c0daeec3ece2dc,1,1,2,test/unit/org/apache/cassandra/cql3/validation/operations/AggregationTest.java,test/unit/org/apache/cassandra/cql3/validation/operations/AggregationTest.java,MODIFY,1377,38
192,192,StorageServiceServerTest.java,a8e8a67306c0b26b8fe9c74a1fb00bacfa224cf7,6,0,6,test/unit/org/apache/cassandra/service/StorageServiceServerTest.java,test/unit/org/apache/cassandra/service/StorageServiceServerTest.java,MODIFY,379,16
193,193,RepairOption.java,99b82dbb43277035562e7b82bb9bdebd84510e96,14,5,19,src/java/org/apache/cassandra/repair/messages/RepairOption.java,src/java/org/apache/cassandra/repair/messages/RepairOption.java,MODIFY,192,36
194,194,RepairOptionTest.java,99b82dbb43277035562e7b82bb9bdebd84510e96,7,3,10,test/unit/org/apache/cassandra/repair/messages/RepairOptionTest.java,test/unit/org/apache/cassandra/repair/messages/RepairOptionTest.java,MODIFY,74,5
195,195,SchemaLoader.java,9a78608193f766af76cacfafc4f9a6635b1db4ee,1,1,2,test/unit/org/apache/cassandra/SchemaLoader.java,test/unit/org/apache/cassandra/SchemaLoader.java,MODIFY,401,50
196,196,RandomAccessReader.java,9b977660570cfac754d40b84439f1f4cd57b8a9f,4,3,7,src/java/org/apache/cassandra/io/util/RandomAccessReader.java,src/java/org/apache/cassandra/io/util/RandomAccessReader.java,MODIFY,297,65
197,197,FileMessageHeader.java,8385bb639ad8a6a86393a05813fd9b0b45876a2e,44,5,49,src/java/org/apache/cassandra/streaming/messages/FileMessageHeader.java,src/java/org/apache/cassandra/streaming/messages/FileMessageHeader.java,MODIFY,163,23
198,198,IncomingFileMessage.java,8385bb639ad8a6a86393a05813fd9b0b45876a2e,1,1,2,src/java/org/apache/cassandra/streaming/messages/IncomingFileMessage.java,src/java/org/apache/cassandra/streaming/messages/IncomingFileMessage.java,MODIFY,61,8
199,199,OutgoingFileMessage.java,8385bb639ad8a6a86393a05813fd9b0b45876a2e,4,11,15,src/java/org/apache/cassandra/streaming/messages/OutgoingFileMessage.java,src/java/org/apache/cassandra/streaming/messages/OutgoingFileMessage.java,MODIFY,72,9
